-- phpMyAdmin SQL Dump
-- version 4.9.2
-- https://www.phpmyadmin.net/
--
-- Host: 127.0.0.1
-- Generation Time: Feb 15, 2021 at 05:46 AM
-- Server version: 10.4.11-MariaDB
-- PHP Version: 7.4.1

SET SQL_MODE = "NO_AUTO_VALUE_ON_ZERO";
SET AUTOCOMMIT = 0;
START TRANSACTION;
SET time_zone = "+00:00";


/*!40101 SET @OLD_CHARACTER_SET_CLIENT=@@CHARACTER_SET_CLIENT */;
/*!40101 SET @OLD_CHARACTER_SET_RESULTS=@@CHARACTER_SET_RESULTS */;
/*!40101 SET @OLD_COLLATION_CONNECTION=@@COLLATION_CONNECTION */;
/*!40101 SET NAMES utf8mb4 */;

--
-- Database: `spk_maut`
--

-- --------------------------------------------------------

--
-- Table structure for table `bobot_nilai`
--

CREATE TABLE `bobot_nilai` (
  `kode_bobot` int(4) NOT NULL,
  `b_nama` varchar(50) CHARACTER SET latin1 COLLATE latin1_general_ci DEFAULT NULL,
  `n_bobot` int(10) DEFAULT NULL,
  `kode_kriteria` varchar(10) CHARACTER SET latin1 COLLATE latin1_general_ci DEFAULT NULL
) ENGINE=InnoDB DEFAULT CHARSET=utf8mb4;

--
-- Dumping data for table `bobot_nilai`
--

INSERT INTO `bobot_nilai` (`kode_bobot`, `b_nama`, `n_bobot`, `kode_kriteria`) VALUES
(1, 'Kurang', 0, 'C1'),
(2, 'Cukup', 1, 'C1'),
(3, 'Baik', 2, 'C1'),
(4, 'Kurang', 0, 'C2'),
(5, 'Cukup', 1, 'C2'),
(6, 'Baik', 2, 'C2'),
(7, 'Kurang', 0, 'C3'),
(8, 'Cukup', 1, 'C3'),
(9, 'Baik', 2, 'C3'),
(10, 'Kurang', 0, 'C4'),
(11, 'Cukup', 1, 'C4'),
(12, 'Baik', 2, 'C4'),
(13, 'Kurang', 0, 'C5'),
(14, 'Cukup', 1, 'C5'),
(15, 'Baik', 2, 'C5'),
(16, 'Kurang', 0, 'C6'),
(17, 'Cukup', 1, 'C6'),
(18, 'Baik', 2, 'C6'),
(19, 'Kurang', 0, 'C7'),
(20, 'Cukup', 1, 'C7'),
(21, 'Baik', 2, 'C7');

-- --------------------------------------------------------

--
-- Table structure for table `dt_penduduk`
--

CREATE TABLE `dt_penduduk` (
  `id_penduduk` int(10) NOT NULL,
  `nama` varchar(50) NOT NULL,
  `nik` varchar(20) NOT NULL,
  `alamat` text NOT NULL
) ENGINE=InnoDB DEFAULT CHARSET=utf8mb4;

--
-- Dumping data for table `dt_penduduk`
--

INSERT INTO `dt_penduduk` (`id_penduduk`, `nama`, `nik`, `alamat`) VALUES
(1, 'WAODE MARLINA', '740205300100001', 'DESA KAMPANI DUSUN 01 RT 01'),
(2, 'WAODE IBI', '740205300100002', 'RT 01 DUSUN 01 DESA KAMPANI'),
(3, 'WAODE DARSIA', '740205300100004', 'RT 02 DUSUN 02 DESA KAMPANI'),
(4, 'WAODE NDOBARA', '740205300100005', 'RT 01 DUSUN 01 DESA KAMPANI'),
(5, 'IDA ROYANI', '740205300100006', 'RT 02 DUSUN 02 DESA KAMPANI'),
(6, 'DARNIA', '741305316000130', 'DUSUN 1 RT 1 DESA KAMPANI'),
(7, 'WAODE SALINA', '741305316000131', 'RT 02 DUDUN 02 DESA KAMPANI'),
(8, 'WA SURIANI', '741305316000132', 'RT 02 DUSUN 02 DESA KAMPANI'),
(9, 'SUFIANA', '741305316000191', 'RT 01 DUSUN 01 DESA KAMPANI'),
(10, 'WA ODE HAMINI', '741305316000192', 'RT 02 DUSUN 02 DESA KAMPANI'),
(11, 'HARIATI', '741305316000214', 'RT 01 DUSUN 01 DESA KAMPANI'),
(12, 'WAODE LINA', '741305316000267', 'RT 02 DUSUN 01 DESA KAMPANI'),
(13, 'WAODE KOLE', '741305316000268', 'RT 01 DUSUN 01 DESA KAMPANI'),
(14, 'WA USAHA', '741305316000316', 'RT 01 DUSUN 01 DESA KAMPANI'),
(15, 'WA NDODANA', '741305316000342', 'RT 01 DUSUN 01 DESA KAMPANI'),
(16, 'WA HATABO', '741305316000417', 'RT 02 DUSUN 02 DESA KAMPANI'),
(17, 'WA IMANA', '741309016050001', 'DUSUN 1 RT 1'),
(18, 'WAODE FITRI', '741309016050002', 'RT 01 DUSUN 01 DESA KAMPANI'),
(19, 'WA HANISA', '741309016050003', 'RT 01 DUSUN 01 DESA KAMPANI'),
(20, 'WA AKA', '741309016050004', 'RT 01 DUSUN 01 DESA KAMPANI'),
(21, 'WAODE DANA', '741309016050005', 'RT 01 DUSUN 01 DESA KAMPANI'),
(22, 'WAODE JIO', '741309016050006', 'RT 02 DUSUN 02 DESA KAMPANI'),
(23, 'WA TAUPA', '741309016050007', 'RT 02 DUSUN 02 DESA KAMPANI.'),
(24, 'WAODE MULUHAANI', '741309016050008', 'RT 02 DUSUN 02 DESA KAMPANI'),
(25, 'WA TAKA', '741309016050009', 'RT 02 DUSUN 02 DESA KAMPANI'),
(26, 'WAODE EMBAHA', '740205300700001', 'RT 03 DUSUN 02 DESA LAKANAHA'),
(27, 'WA AMBE', '740205300700002', 'RT 03 DUSUN 02 DESA LAKANAHA'),
(28, 'WAODE HALATI', '740205300700003', 'RT 03 DUSUN 02 DESA LAKANAHA'),
(29, 'WAODE MURNI', '740205300700004', 'RT 03 DUSUN 02 DESA LAKANAHA'),
(30, 'WAODE AMBE', '740205300700005', 'RT 03 DUSUN 02 DESA LAKANAHA'),
(31, 'WA SINA', '740205300700007', 'RT 03 DUSUN 02 DESA LAKANAHA'),
(32, 'WAODE ONDOHI', '740205300700008', 'RT 03 DUSUN 02 DESA LAKANAHA'),
(33, 'WAODE IMANI', '740205300700009', 'RT 03 DUSUN 02 DESA LAKANAHA'),
(34, 'WA JIA', '740205300700010', 'RT 01 DUSUN 01 DESA LAKANAHA'),
(35, 'WA MARDIA', '740205300700011', 'RT 03 DUSUN 02 DESA LAKANAHA'),
(36, 'HARIATI', '740205300700013', 'RT 02 DUSUN 01 DESA LAKANAHA'),
(37, 'WA FATINI', '740207100600091', 'DESA LAKANAHA'),
(38, 'WA PAIMA', '741305316000051', 'RT 01 DUSUN 01 DESA LAKANAHA'),
(39, 'LA PATU', '741305316000052', 'RT 02 DUSUN 01 DESA LAKANAHA'),
(40, 'HASWATI', '741305316000053', 'RT 01 DUSUN 02 DESA LAKANAHA'),
(41, 'WAODE HARLINA', '741305316000054', 'RT 01 DUSUN 02 DESA LAKANAHA'),
(42, 'HIDARNI', '741305316000077', 'RT 01 DUSUN 01 DESA LAKANAHA'),
(43, 'WA ODE AMUNI', '741305316000110', 'RT 01 DUSUN 01 DESA LAKANAHA'),
(44, 'AGUS LINA', '741305316000111', 'RT 01 DUSUN 02 DESA LAKANAHA'),
(45, 'WAODE SITA', '741305316000112', 'RT 01 DUSUN 02 DESA LAKANAHA'),
(46, 'WA HANISA', '741305316000113', 'RT 03 DUSUN 02 DESA LAKANAHA'),
(47, 'RISNAWATI', '741305316000144', 'RT 01 DUSUN 01 DESA LAKANAHA'),
(48, 'FITRIANI', '741305316000145', 'RT 02 DUSUN 02 DESA LAKANAHA'),
(49, 'CIKRAWATI', '741305316000170', 'RT 01 DUSUN 01 DESA LAKANAHA'),
(50, 'WA LIAMA', '741305316000199', 'RT 01 DUSUN 01'),
(51, 'JUNARTI', '741305316000200', 'RT 02 DUSUN 01 DESA LAKANAHA'),
(52, 'WA HADAI', '741305316000201', 'RT 04 DUSUN 02 DESA LAKANAHA'),
(53, 'WA ODE MBUNGAEJA', '741305316000229', 'RT 01 DUSUN 01 DESA LAKANAHA'),
(54, 'SITI HARNI', '741305316000231', 'RT 01DUSUN 01 DESA LAKANAHA'),
(55, 'SITY RASNAH', '741305316000258', 'RT 01 DUSUN 01 DESA LAKANAHA'),
(56, 'WA RUKA', '741305316000259', 'RT 01 DUSUN 01 DESA LAKANAHA'),
(57, 'MARIATI', '741305316000261', 'RT 01 DUSUN 02 DESA LAKANAHA'),
(58, 'WA TINI', '741305316000303', 'RT 01 DUSUN 01 DESA LAKANAHA'),
(59, 'WA KAENO', '741305316000328', 'RT 01 DUSUN 01 DESA LAKANAHA'),
(60, 'WAODE SANUWATI', '741305316000329', 'RT 01 DUSUN 01 DESA LAKANAHA'),
(61, 'WA ANI', '741305316000363', 'RT 02 DUSUN 02 DESA LAKANAHA'),
(62, 'WA IBADA', '741305316000365', 'RT 01 DUSUN 02 DESA LAKANAHA'),
(63, 'HASINIA', '741305316000366', 'RT 04 DUSUN 02 DESA LAKANAHA'),
(64, 'MUHSANA', '741305316000367', 'RT 04 DUSUN 02 DESA LAKANAHA'),
(65, 'WAODE SIMURA', '741305316000397', 'RT 03 DUSUN 02 DESA LAKANAHA'),
(66, 'DARWIA', '741305316000398', 'RT 03 DUSUN 02 DESA LAKANAHA'),
(67, 'WA SAANA', '741305316000400', 'RT 04 DUSUN 02 DESA LAKANAHA'),
(68, 'WA HALIFA', '741305316000435', 'RT 01 DUSUN 02 DESA LAKANAHA'),
(69, 'WAODE YULIANI', '741305316000436', 'RT 02 DUSUN 02 DESA LAKANAHA'),
(70, 'WA SALI', '741305316000465', 'RT 01 DUSUN 01 DESA LAKANAHA'),
(71, 'WA HALIMU', '741305316000466', 'RT 01 DUSUN 01 DESA LAKANAHA'),
(72, 'WA BILO', '741305316000467', 'RT 01 DUSUN 01 DESA LAKANAHA'),
(73, 'WAODE NDOMARA', '741305316000468', 'RT 01 DUSUN 02 DESA LAKANAHA'),
(74, 'WA FIINI', '741305316000469', 'RT 04 DUSUN 02 DESA LAKANAHA'),
(75, 'WA OBI', '741305316000470', 'RT 02 DUSUN 02 DESA LAKANAHA'),
(76, 'WA RIA', '741309016050150', 'DESA LAKANAHA'),
(77, 'WA NIATI', '741309016050168', 'RT 01 DUSUN 01 DESA LAKANAHA'),
(78, 'WA ODE ALWI', '741309016050170', 'RT 01 DUSUN 01 DESA LAKANAHA'),
(79, 'LURNI', '741309016050171', 'RT 01 DUSUN 01 DESA LAKANAHA'),
(80, 'ISFANTI', '741309016050172', 'RT 01 DUSUN 01 DESA LAKANAHA'),
(81, 'WA MIANA', '741309016050173', 'RT 02 DUSUN 01 DESA LAKANAHA'),
(82, 'HASTINA', '741309016050174', 'RT 02 DUSUN 01 DESA LAKANAHA'),
(83, 'WA DALIA', '741309016050175', 'RT 02 DUSUN 01 DESA LAKANAHA'),
(84, 'WA ODE SANTI YANI', '741309016050176', 'RT 02 DUSUN 01 DESA LAKANAHA'),
(85, 'BASLIAN', '741309016050177', 'RT 02 DUSUN 01 DESA LAKANAHA'),
(86, 'WA FALUNA', '741309016050178', 'RT 02 DUSUN 01 DESA LAKANAHA'),
(87, 'WA NIMPADA', '741309016050179', 'RT 02 DUSUN 01 DESA LAKANAHA'),
(88, 'WA SITE', '741309016050180', 'RT 02 DUSUN 01 DESA LAKANAHA'),
(89, 'HANDAYANTI RAMLI', '741309016050181', 'RT 02 DUSUN 01 DESA LAKANAHA'),
(90, 'WA MIRANTI', '741309016050182', 'RT 02 DUSUN 01 DESA LAKANAHA'),
(91, 'WA OFU', '741309016050183', 'RT 02 DUSUN 01 DESA LAKANAHA'),
(92, 'WA LISA', '741309016050184', 'RT 02 DUSUN 01 DESA LAKANAHA'),
(93, 'WA ULI', '741309016050185', 'RT 03 DUSUN 02 DESA LAKANAHA'),
(94, 'MARTINA', '741309016050187', 'RT 03 DUSUN 02 DESA LAKANAHA'),
(95, 'WA IGI', '741309016050188', 'RT 03 DUSUN 02 DESA LAKANAHA'),
(96, 'LAODE KULIA', '741309016050189', 'RT 03 DUSUN 02 DESA LAKANAHA'),
(97, 'WA HALUMI', '741309016050191', 'RT 03 DUSUN 02 DESA LAKANAHA'),
(98, 'WAODE HAMRIA', '741309016050192', 'RT 03 DUSUN 02 DESA LAKANAHA'),
(99, 'WAODE TINA', '741309016050194', 'RT 03 DUSUN 02 DESA LAKANAHA'),
(100, 'WA HUDIA', '741309016050195', 'RT 03 DUSUN 02 DESA LAKANAHA'),
(101, 'WAODE ITA', '741309016050196', 'RT 03 DUSUN 02 DESA LAKANAHA'),
(102, 'WA ISE', '741309016050197', 'RT 03 DUSUN 02 DESA LAKANAHA'),
(103, 'WAODE ADINA', '741309016050198', 'RT 04 DUSUN 02 DESA LAKANAHA'),
(104, 'KARIATI', '741309016050200', 'RT 04 DUSUN 02 DESA LAKANAHA'),
(105, 'WA HANIA', '741309016050201', 'RT 04 DUSUN 02 DESA LAKANAHA'),
(106, 'WAODE HARDINA', '741309016050202', 'RT 04 DUSUN 02 DESA LAKANAHA'),
(107, 'WA RIANI', '741309016050203', 'RT 04 DUSUN 02 DESA LAKANAHA'),
(108, 'WAODE MALUWIA', '741309016050204', 'RT 04 DUSUN 02 DESA LAKANAHA'),
(109, 'WAODE NDOASA', '740205300500002', 'RT 02 DUSUN 01 DESA LASOSODO'),
(110, 'WA LIANI', '740205300500003', 'RT 02 DUSUN 02 DESA LASOSODO'),
(111, 'WAODE ICI', '740205300500005', 'RT 02 DUSUN 02 DESA LASOSODO'),
(112, 'WA ODE SARNIA', '740205300500006', 'RT 02 DUSUN 01 DESA LASOSODO'),
(113, 'WAODE NDOLIMU', '740205300500007', 'RT 04 DUSUN 02 DESA LASOSODO'),
(114, 'WA RUFIA', '740205300500008', 'RT 03 DUSUN 02 DESA LASOSODO'),
(115, 'WAODE SAMIDA', '740205300500009', 'DUSUN 01 RT 01'),
(116, 'LA HADILA', '740205300500011', 'RT 01 DUSUN 01 DESA LASOSODO'),
(117, 'WA NTINAOBA', '740205300500012', 'RT 04 DUSUN 02 DESA LASOSODO'),
(118, 'WAODE ALUSU', '740205300500013', 'RT 04 DUSUN 02 DESA LASOSODO'),
(119, 'SITI RAHMI', '740205300500014', 'RT 04 DUSUN 02 DESA LASOSODO'),
(120, 'WAODE HALIMA', '740205300500017', 'RT 03 DUSUN 02 DESA LASOSODO'),
(121, 'WAODE RABIA', '740205300500022', 'RT 04 DUSUN 02 DESA LASOSODO'),
(122, 'WA MAYANA', '740205300500025', 'RT 02 DUSUN 01 DESA LASOSODO'),
(123, 'WAODE MILAWATI', '740205300500027', 'RT 01 DUSUN 01 DESA LASOSODO'),
(124, 'WAODE DAINO', '740205300500028', 'RT 01 DUSUN 01 DESA LASOSODO'),
(125, 'WA KA', '740205300500029', 'RT 04 DUSUN 02 DESA LASOSODO'),
(126, 'WAODE YAMA', '740205300500030', 'RT 01 DUSUN 01 DESA LASOSODO'),
(127, 'SITRIANI', '740205300500031', 'RT 04 DUSUN 02 DESA LASOSODO'),
(128, 'WAODE MARNIATI', '740205300500032', 'RT 02 DUSUN 02 DESA LASOSODO'),
(129, 'LA SUNGKU', '740205300500036', 'RT 02 DUSUN 02 DESA LASOSODO'),
(130, 'WAODE SAEBA', '740205300500037', 'RT 04 DUSUN 02 DESA LASOSODO'),
(131, 'MUSTIKA', '740402016002487', 'JL. LORONG TK/PAUD LASOSODO'),
(132, 'WA DAIHA', '741305316000013', 'RT 04 DUSUN 02 DESA LASOSODO'),
(133, 'DARNIA', '741305316000044', 'DUSUN 01 RT 01'),
(134, 'WA ODE MARONTA', '741305316000046', 'DUSUN 01 RT 01'),
(135, 'SUNTIATI', '741305316000076', 'RT 01 DUSUN 01 DESA LASOSODO'),
(136, 'WA KOPI', '741305316000167', 'RT 01 DUSUN 01 DESA LASOSODO'),
(137, 'NURLAELA', '741305316000196', 'RT 02 DUSUN 02 DESA LASOSODO'),
(138, 'WA ODE MULIANA', '741305316000225', 'DUSUN II RT II'),
(139, 'WAODE FAMI', '741305316000226', 'RT 01 DUSUN 01 DESA LASOSODO'),
(140, 'WA ODE NDOSINTA', '741305316000227', 'RT 02 DUSUN 02 DESA LASOSODO'),
(141, 'WA FIA', '741305316000299', 'RT 01 DUSUN 01 DESA LASOSODO'),
(142, 'SALMAWATI', '741305316000300', 'RT 01 DUSUN01 DESA LASOSODO'),
(143, 'WA JANI', '741305316000357', 'DESA LASOSODO'),
(144, 'WA ALAMU', '741305316000427', 'RT 01 DUSUN 01 DESA LASOSODO'),
(145, 'HARLINA', '741305316000429', 'RT 04 DUSUN 02 DESA LASOSODO'),
(146, 'WA LUALI', '741305316000457', 'RT 01 DUSUN 01 DESA LASOSODO'),
(147, 'WA ODE MASNIA', '741305316000459', 'RT 02 DUSUN 02 DESA LASOSODO'),
(148, 'MALFINA', '741309016050098', 'DESA LASOSODO'),
(149, 'WA BARIANI', '741309016050127', 'RT 04 DUSUN 02 DESA LASOSODO'),
(150, 'WA ODE SARBIA', '741309016050129', 'RT 01 DUSUN 01 DESA LASOSODO');

-- --------------------------------------------------------

--
-- Table structure for table `hasil`
--

CREATE TABLE `hasil` (
  `id_hasil` int(4) NOT NULL,
  `id_penduduk` int(10) NOT NULL,
  `nilai` decimal(5,1) NOT NULL,
  `n_komponen` decimal(6,1) NOT NULL
) ENGINE=InnoDB DEFAULT CHARSET=utf8mb4;

--
-- Dumping data for table `hasil`
--

INSERT INTO `hasil` (`id_hasil`, `id_penduduk`, `nilai`, `n_komponen`) VALUES
(1, 1, '0.0', '0.0'),
(2, 2, '0.2', '0.0'),
(3, 3, '0.0', '0.0'),
(4, 4, '0.0', '0.0'),
(5, 5, '0.0', '0.0'),
(6, 6, '0.0', '0.0'),
(7, 7, '0.0', '0.0'),
(8, 8, '0.0', '0.0'),
(9, 9, '0.0', '0.0'),
(10, 10, '0.0', '0.0'),
(11, 11, '0.0', '0.0'),
(12, 12, '0.0', '0.0');

-- --------------------------------------------------------

--
-- Table structure for table `kriteria`
--

CREATE TABLE `kriteria` (
  `kode_kriteria` varchar(15) NOT NULL DEFAULT '0',
  `k_nama` varchar(50) DEFAULT NULL,
  `k_komponen` text NOT NULL,
  `k_bobot` decimal(6,1) UNSIGNED DEFAULT NULL,
  `tot_bobot` int(10) NOT NULL
) ENGINE=InnoDB DEFAULT CHARSET=utf8mb4;

--
-- Dumping data for table `kriteria`
--

INSERT INTO `kriteria` (`kode_kriteria`, `k_nama`, `k_komponen`, `k_bobot`, `tot_bobot`) VALUES
('C1', 'Jumlah Anak SD', 'Pendidikan', '0.2', 0),
('C2', 'Jumlah Anak SMP', 'Pendidikan', '0.2', 0),
('C3', 'Jumlah Anak SMA', 'Pendidikan', '0.2', 0),
('C4', 'Jumlah Ibu Hamil', 'Kesehatan', '0.2', 0),
('C5', 'Jumlah Anak Usia Dini', 'Kesehatan', '0.2', 0),
('C6', 'Jumlah Lansia', 'Kesejahteraan Sosial', '0.2', 0),
('C7', 'Jumlah Disabilitas', 'Kesejahteraan Sosial', '0.2', 0);

-- --------------------------------------------------------

--
-- Table structure for table `penilaian`
--

CREATE TABLE `penilaian` (
  `id_nilai` int(15) UNSIGNED NOT NULL,
  `id_penduduk` int(10) NOT NULL,
  `kode_kriteria` varchar(10) CHARACTER SET latin1 COLLATE latin1_general_ci DEFAULT NULL,
  `kode_bobot` int(4) DEFAULT NULL,
  `nilai` int(10) DEFAULT NULL,
  `min` int(5) UNSIGNED NOT NULL,
  `max` int(5) UNSIGNED NOT NULL,
  `nilai1` decimal(5,1) UNSIGNED NOT NULL,
  `nilai2` decimal(6,1) NOT NULL,
  `nilai3` decimal(6,1) NOT NULL,
  `n_komponen` decimal(6,1) NOT NULL,
  `n_komponen2` decimal(6,1) NOT NULL
) ENGINE=InnoDB DEFAULT CHARSET=utf8mb4;

-- --------------------------------------------------------

--
-- Table structure for table `user`
--

CREATE TABLE `user` (
  `username` varchar(50) NOT NULL,
  `password` varchar(50) NOT NULL,
  `nama` varchar(50) NOT NULL,
  `akses` enum('master','ppsb') NOT NULL
) ENGINE=InnoDB DEFAULT CHARSET=utf8mb4;

--
-- Dumping data for table `user`
--

INSERT INTO `user` (`username`, `password`, `nama`, `akses`) VALUES
('admin', 'admin', 'admin', 'master');

--
-- Indexes for dumped tables
--

--
-- Indexes for table `bobot_nilai`
--
ALTER TABLE `bobot_nilai`
  ADD PRIMARY KEY (`kode_bobot`);

--
-- Indexes for table `dt_penduduk`
--
ALTER TABLE `dt_penduduk`
  ADD PRIMARY KEY (`id_penduduk`);

--
-- Indexes for table `hasil`
--
ALTER TABLE `hasil`
  ADD PRIMARY KEY (`id_hasil`),
  ADD KEY `nik` (`id_penduduk`);

--
-- Indexes for table `kriteria`
--
ALTER TABLE `kriteria`
  ADD PRIMARY KEY (`kode_kriteria`);

--
-- Indexes for table `penilaian`
--
ALTER TABLE `penilaian`
  ADD PRIMARY KEY (`id_nilai`),
  ADD KEY `nik` (`id_penduduk`,`kode_kriteria`);

--
-- Indexes for table `user`
--
ALTER TABLE `user`
  ADD PRIMARY KEY (`username`);

--
-- AUTO_INCREMENT for dumped tables
--

--
-- AUTO_INCREMENT for table `bobot_nilai`
--
ALTER TABLE `bobot_nilai`
  MODIFY `kode_bobot` int(4) NOT NULL AUTO_INCREMENT, AUTO_INCREMENT=22;

--
-- AUTO_INCREMENT for table `dt_penduduk`
--
ALTER TABLE `dt_penduduk`
  MODIFY `id_penduduk` int(10) NOT NULL AUTO_INCREMENT, AUTO_INCREMENT=151;

--
-- AUTO_INCREMENT for table `hasil`
--
ALTER TABLE `hasil`
  MODIFY `id_hasil` int(4) NOT NULL AUTO_INCREMENT, AUTO_INCREMENT=13;

--
-- AUTO_INCREMENT for table `penilaian`
--
ALTER TABLE `penilaian`
  MODIFY `id_nilai` int(15) UNSIGNED NOT NULL AUTO_INCREMENT;
COMMIT;

/*!40101 SET CHARACTER_SET_CLIENT=@OLD_CHARACTER_SET_CLIENT */;
/*!40101 SET CHARACTER_SET_RESULTS=@OLD_CHARACTER_SET_RESULTS */;
/*!40101 SET COLLATION_CONNECTION=@OLD_COLLATION_CONNECTION */;
